{"life_line": {"desc": "\u957f\u5ea6\u6307\u6570 3.28, \u5f27\u5ea6\u6307\u6570 0.57", "metrics": {"norm_len": 3.2782989307901915, "curvature": 0.5738161559888579}, "detected": true}, "head_line": {"desc": "\u957f\u5ea6\u6307\u6570 4.23, \u659c\u7387 0.07", "metrics": {"norm_len": 4.225234183760406, "slope": 0.06979868561029434}, "detected": true}, "heart_line": {"desc": "\u957f\u5ea6\u6307\u6570 2.11, \u590d\u6742\u5ea6 6", "metrics": {"norm_len": 2.111030506556413, "complexity": 6}, "detected": true}}