{"life_line": {"desc": "\u957f\u5ea6\u6307\u6570 0.38, \u5f27\u5ea6\u6307\u6570 0.04", "metrics": {"norm_len": 0.3836028556856844, "curvature": 0.0375}, "detected": true}, "head_line": {"desc": "\u957f\u5ea6\u6307\u6570 0.45, \u659c\u7387 0.69", "metrics": {"norm_len": 0.447601862417327, "slope": 0.687050998210907}, "detected": true}, "heart_line": {"desc": "\u957f\u5ea6\u6307\u6570 0.49, \u590d\u6742\u5ea6 15", "metrics": {"norm_len": 0.4854647667871581, "complexity": 15}, "detected": true}}