{"life_line": {"desc": "\u957f\u5ea6\u6307\u6570 0.59, \u5f27\u5ea6\u6307\u6570 0.26", "metrics": {"norm_len": 0.5896400510114133, "curvature": 0.26354679802955666}, "detected": true}, "head_line": {"desc": "\u957f\u5ea6\u6307\u6570 0.44, \u659c\u7387 1.33", "metrics": {"norm_len": 0.4370709146772112, "slope": 1.329235553741455}, "detected": true}, "heart_line": {"desc": "\u957f\u5ea6\u6307\u6570 0.81, \u590d\u6742\u5ea6 16", "metrics": {"norm_len": 0.8083519847522228, "complexity": 16}, "detected": true}}