{"life_line": {"desc": "\u957f\u5ea6\u6307\u6570 1.37, \u5f27\u5ea6\u6307\u6570 0.18", "metrics": {"norm_len": 1.3733393200300152, "curvature": 0.17571059431524547}, "detected": true}, "head_line": {"desc": "\u957f\u5ea6\u6307\u6570 1.07, \u659c\u7387 -1.49", "metrics": {"norm_len": 1.0701401119700389, "slope": -1.4886513948440552}, "detected": true}, "heart_line": {"desc": "\u957f\u5ea6\u6307\u6570 0.50, \u590d\u6742\u5ea6 18", "metrics": {"norm_len": 0.4967694596726765, "complexity": 18}, "detected": true}}