{"life_line": {"desc": "\u957f\u5ea6\u6307\u6570 0.20, \u5f27\u5ea6\u6307\u6570 0.02", "metrics": {"norm_len": 0.20362011449677603, "curvature": 0.022284122562674095}, "detected": true}, "head_line": {"desc": "\u957f\u5ea6\u6307\u6570 0.42, \u659c\u7387 -1.09", "metrics": {"norm_len": 0.41733530570537597, "slope": -1.0940271615982056}, "detected": true}, "heart_line": {"desc": "\u957f\u5ea6\u6307\u6570 0.96, \u590d\u6742\u5ea6 18", "metrics": {"norm_len": 0.9556015683415873, "complexity": 18}, "detected": true}}