{"life_line": {"desc": "\u957f\u5ea6\u6307\u6570 0.57, \u5f27\u5ea6\u6307\u6570 0.15", "metrics": {"norm_len": 0.5714090643702326, "curvature": 0.15024630541871922}, "detected": true}, "head_line": {"desc": "\u957f\u5ea6\u6307\u6570 1.43, \u659c\u7387 -9.93", "metrics": {"norm_len": 1.425183379885011, "slope": -9.927377700805664}, "detected": true}, "heart_line": {"desc": "\u957f\u5ea6\u6307\u6570 0.82, \u590d\u6742\u5ea6 14", "metrics": {"norm_len": 0.8172865084239415, "complexity": 14}, "detected": true}}