{"life_line": {"desc": "\u957f\u5ea6\u6307\u6570 0.27, \u5f27\u5ea6\u6307\u6570 0.11", "metrics": {"norm_len": 0.2651882839018774, "curvature": 0.11083743842364532}, "detected": true}, "head_line": {"desc": "\u957f\u5ea6\u6307\u6570 0.60, \u659c\u7387 1.08", "metrics": {"norm_len": 0.5999401029694844, "slope": 1.075827956199646}, "detected": true}, "heart_line": {"desc": "\u957f\u5ea6\u6307\u6570 0.45, \u590d\u6742\u5ea6 10", "metrics": {"norm_len": 0.45192174606135327, "complexity": 10}, "detected": true}}