{"life_line": {"desc": "\u957f\u5ea6\u6307\u6570 0.26, \u5f27\u5ea6\u6307\u6570 0.05", "metrics": {"norm_len": 0.26066133330540103, "curvature": 0.05084745762711865}, "detected": true}, "head_line": {"desc": "\u957f\u5ea6\u6307\u6570 0.45, \u659c\u7387 0.10", "metrics": {"norm_len": 0.448168931707824, "slope": 0.09823871403932571}, "detected": true}, "heart_line": {"desc": "\u957f\u5ea6\u6307\u6570 0.69, \u590d\u6742\u5ea6 24", "metrics": {"norm_len": 0.6905389586410954, "complexity": 24}, "detected": true}}