{"life_line": {"desc": "\u957f\u5ea6\u6307\u6570 0.16, \u5f27\u5ea6\u6307\u6570 0.06", "metrics": {"norm_len": 0.15826740351816018, "curvature": 0.05572916666666667}, "detected": true}, "head_line": {"desc": "\u957f\u5ea6\u6307\u6570 0.09, \u659c\u7387 1.33", "metrics": {"norm_len": 0.09242228760073583, "slope": 1.3288673162460327}, "detected": true}, "heart_line": {"desc": "\u957f\u5ea6\u6307\u6570 0.17, \u590d\u6742\u5ea6 16", "metrics": {"norm_len": 0.16969533991068603, "complexity": 16}, "detected": true}}