{"life_line": {"desc": "\u957f\u5ea6\u6307\u6570 3.35, \u5f27\u5ea6\u6307\u6570 0.53", "metrics": {"norm_len": 3.3477592244215892, "curvature": 0.5340425531914894}, "detected": true}, "head_line": {"desc": "\u957f\u5ea6\u6307\u6570 6.20, \u659c\u7387 -0.13", "metrics": {"norm_len": 6.202346649575741, "slope": -0.1305258870124817}, "detected": true}, "heart_line": {"desc": "\u957f\u5ea6\u6307\u6570 1.88, \u590d\u6742\u5ea6 7", "metrics": {"norm_len": 1.8840416203153894, "complexity": 7}, "detected": true}}