{"life_line": {"desc": "\u957f\u5ea6\u6307\u6570 0.28, \u5f27\u5ea6\u6307\u6570 0.10", "metrics": {"norm_len": 0.2821936419906429, "curvature": 0.09615384615384616}, "detected": true}, "head_line": {"desc": "\u957f\u5ea6\u6307\u6570 0.61, \u659c\u7387 0.12", "metrics": {"norm_len": 0.6108747651943793, "slope": 0.11777900159358978}, "detected": true}, "heart_line": {"desc": "\u957f\u5ea6\u6307\u6570 0.90, \u590d\u6742\u5ea6 23", "metrics": {"norm_len": 0.904591461404776, "complexity": 23}, "detected": true}}