{"life_line": {"desc": "\u957f\u5ea6\u6307\u6570 0.63, \u5f27\u5ea6\u6307\u6570 0.16", "metrics": {"norm_len": 0.628575898442708, "curvature": 0.1595744680851064}, "detected": true}, "head_line": {"desc": "\u957f\u5ea6\u6307\u6570 1.60, \u659c\u7387 -0.27", "metrics": {"norm_len": 1.598851105507384, "slope": -0.27015548944473267}, "detected": true}, "heart_line": {"desc": "\u957f\u5ea6\u6307\u6570 0.84, \u590d\u6742\u5ea6 28", "metrics": {"norm_len": 0.8435275141229021, "complexity": 28}, "detected": true}}