{"life_line": {"desc": "\u957f\u5ea6\u6307\u6570 3.97, \u5f27\u5ea6\u6307\u6570 0.02", "metrics": {"norm_len": 3.9680150455029315, "curvature": 0.024630541871921183}, "detected": true}, "head_line": {"desc": "\u957f\u5ea6\u6307\u6570 8.91, \u659c\u7387 1.40", "metrics": {"norm_len": 8.910886376949367, "slope": 1.4048351049423218}, "detected": true}, "heart_line": {"desc": "\u957f\u5ea6\u6307\u6570 5.57, \u590d\u6742\u5ea6 709", "metrics": {"norm_len": 5.565035576303604, "complexity": 709}, "detected": true}}