{"life_line": {"desc": "\u957f\u5ea6\u6307\u6570 0.22, \u5f27\u5ea6\u6307\u6570 0.10", "metrics": {"norm_len": 0.22493973174526113, "curvature": 0.09615384615384616}, "detected": true}, "head_line": {"desc": "\u957f\u5ea6\u6307\u6570 0.52, \u659c\u7387 0.38", "metrics": {"norm_len": 0.5189379999270806, "slope": 0.37697914242744446}, "detected": true}, "heart_line": {"desc": "\u957f\u5ea6\u6307\u6570 1.20, \u590d\u6742\u5ea6 26", "metrics": {"norm_len": 1.201770991545457, "complexity": 26}, "detected": true}}