{"life_line": {"desc": "\u957f\u5ea6\u6307\u6570 0.19, \u5f27\u5ea6\u6307\u6570 0.03", "metrics": {"norm_len": 0.19021796642389513, "curvature": 0.03271028037383177}, "detected": true}, "head_line": {"desc": "\u957f\u5ea6\u6307\u6570 0.42, \u659c\u7387 -0.96", "metrics": {"norm_len": 0.4217112652052229, "slope": -0.9571033120155334}, "detected": true}, "heart_line": {"desc": "\u957f\u5ea6\u6307\u6570 0.84, \u590d\u6742\u5ea6 22", "metrics": {"norm_len": 0.8373927777615663, "complexity": 22}, "detected": true}}