{"life_line": {"desc": "\u957f\u5ea6\u6307\u6570 3.43, \u5f27\u5ea6\u6307\u6570 0.53", "metrics": {"norm_len": 3.429198882524571, "curvature": 0.5344827586206896}, "detected": true}, "head_line": {"desc": "\u957f\u5ea6\u6307\u6570 4.78, \u659c\u7387 -0.38", "metrics": {"norm_len": 4.779401103851243, "slope": -0.37691545486450195}, "detected": true}, "heart_line": {"desc": "\u957f\u5ea6\u6307\u6570 1.77, \u590d\u6742\u5ea6 7", "metrics": {"norm_len": 1.7700959135746133, "complexity": 7}, "detected": true}}