{"life_line": {"desc": "\u957f\u5ea6\u6307\u6570 0.28, \u5f27\u5ea6\u6307\u6570 0.07", "metrics": {"norm_len": 0.27995159687604587, "curvature": 0.06971677559912855}, "detected": true}, "head_line": {"desc": "\u957f\u5ea6\u6307\u6570 1.06, \u659c\u7387 -0.17", "metrics": {"norm_len": 1.0608408887401906, "slope": -0.1687355637550354}, "detected": true}, "heart_line": {"desc": "\u957f\u5ea6\u6307\u6570 1.93, \u590d\u6742\u5ea6 28", "metrics": {"norm_len": 1.9340458505813332, "complexity": 28}, "detected": true}}